936332359,IELTS_ID,IELTS Indonesia
256544380,FollowBandung,BANDUNG
234270776,EEPbandung,EEP
801991651,thecenterbdg,The Center Bandung
502655028,IDP_Bandung,IDP Education BDG
508638545,tbisudirman,TBI Sudirman
1687912988,TBI_Kuningan,TBI Kuningan
100138797,TBIBandung,Study English at TBI
382304101,wasim_dr,Wasim Bari 
459586511,SocialInChicago,Social N Chicago
898895959,ilalferhard,iLaL Ferhard Lawyer
540703780,mohkamiluddin,Mohammad Kamiluddin
452992293,RamliRizal,Dr. Rizal Ramli
526799042,OmDoJet,DOKTER GADGET
2883077547,RadioPPIBelanda,Radio PPI Belanda
3260844751,menyapanesia,Menyapa Indonesia
2319677905,newekoprasetyo,eko prasetyo
1427572039,SarahSechan_NET,Sarah Sechan
2384879876,TMG_NET,Tetangga Masa Gitu?
2406546896,Ini_Talkshow,Ini Talkshow NET.
978808357,netmediatama,NET.
405822983,maman1965,maman suherman
1619896454,SAR_UNM,SAR UNM
2812415624,abdulkahar07,Abdul Kahar-LPDP RI
61477779,bertadewi,BDN
62494416,Early_icha,Early Boelan
1282422204,menpangoid,Kementerian PANRB
380080773,MiaSelvina,Mia Selvina
430787499,Islampos,Islampos
244838455,MK_RI,Mahkamah Konstitusi
994665488,tyy_as,Selat Makassar PK28
2423469006,IIEFJakarta,IIEF
1527305923,LPDP_RI,LPDP
1386720444,ForIndonesian,Bukan Grammar Lesson
48622835,rommyadams,Rommy Adams
364257859,AsmaPsy,Asma Thahir
461814252,HillmanWirawan,Hillman Wirawan
147415595,jurnalperempuan,Jurnal Perempuan
2546642887,YouthPower_UGM,Youth Power
620977821,HaloBCA,Halo BCA
48219907,ancoltmnimpian,Ancol Taman Impian
22919665,AirAsia,AirAsia
78264667,Citilink,Citilink Indonesia
113292385,AirAsiaId,AirAsia Indonesia
136933431,tentangSolo,Tentang Solo
944608789,TeachingCulture,Teaching Culture
17358507,UNM,Univ. of New Mexico 
1391056328,visit_sulsel,Visit Sulsel
250840164,kampoengcyber36,kampoeng cyber rt 36
493899658,SIM_UNS,SIM UNS
1610425590,SindyMarsellah,Sindyyy
322582301,uLfianirahmi,daeng putri
202655440,mandirifiesta,mandiri fiesta
15686886,tru2hzwrd,PaulMichaelATIENZA
2792441448,UIUCAnimalBio,Animal Biology Dept
849829196,PresCons,UIUC Preservation
376438695,UIUCRights,UIUC Student Rights
1122772394,unicefuiuc,UNICEF at UIUC
2360027550,UIUCQuotes,Overheard at UIUC
283133704,moh,Mohammad Almalkawi
1498780968,IPRH_UIUC,IPRH
537835722,SJPUIUC,SJP UIUC
179596015,CBSU_UIUC,Central Black
58572832,acmoffice,ACM@UIUC Office
19615559,uiucbusiness,ILLINOIS Business
165506153,buzzindelhi,Arvind Gupta
18699925,UIAA,Illinois Alumni
28040164,acmuiuc,acm@uiuc
175415640,UIResearchPark,UIUC Research Park
19206905,TheDailyIllini,The Daily Illini
5767772,askundergrad,UIUC Undergrad Lib
18165866,Illinois_Alma,Univ. of Illinois
131476314,kaesangp,Kaesang Pangarep
2526738818,Jalan2Seru_Mksr,JJS_Makassar
598809332,ppmi_makassar,PPMI DK Makassar
509895178,bsw_foundation,Bosowa Foundation
949184846,budayasaya,Kebudayaan Indonesia
1079061884,britonschool,Briton School
945257202,britonpettaran1,Briton Pettarani
204231155,BentaraBudaya,Bentara Jakarta
15460048,MIT,MIT
5695032,Yale,Yale University
48289662,UniofOxford,Oxford University
33474655,Cambridge_Uni,Cambridge University
245718057,JhRizuka,Riskayanti
335700382,andi_tanaka,andi tanaka
372705087,muliaela,Mulia Ela S
311850806,FifinkPraise,Fifink Praiseda
423267541,Uny_unycha,Sri wahyuni
43074696,GreenpeaceID,Greenpeace Indonesia
43252830,kambingmilitia,Andika Nur P
143711212,anissanoorr,Anissa Noor
411493832,rikireiki,Reiki Nauli Harahap
2579983280,BFC_2014,Books for Children
278352956,Hidayanii,Nur Hidayani. A
2788038422,51AntroUGM,FRE 2015
1373478302,Panlok80UNM,Panlok 80 Makassar
1126680884,ictunm,ICT CENTER UNM
2274209048,cdc_unm,CDC UNM
2233022779,UNM_Makassar,Univ Negeri Makassar
25809232,amirmu,Amir Muhammad
1232597202,Fiqh_islam,Hukum dalam Islam
518525130,HadriantyR,Hadrianty Ramly
293059226,Pocer_FEMIPB,Politik Ceria
996056497,Herifandi_R,DaengRI
220231208,ILEADUI,ILeaD UI
265976406,BEMUI_Care,BEM UI Care
533000256,BEMUI_Sport,BEM UI Sport
30864069,OhioStateAlumni,Ohio State Alumni
1197064033,OhioStAthletics,Ohio State Buckeyes
18846918,OhioState,OhioState
901323516,BeritaBeasiswa,Tentang Mahasiswa
256998043,KBFUI,KBF UI
1490648076,psak_fisipui,PSAK FISIP UI 15
123857615,SATUFISIP,#SATUFISIP
1480869223,NEC_UPI,NEC UPI 2015
2567909083,irfanhakimstore,Irfan Hakim Store
2485506560,LKTIN_Unsoed15,LKTIN AN UNSOED 2015
341987953,PPIAUofA,PPIA Uni of Adelaide
182314545,topaustwines,Top Australian Wines
370720731,indexipb2015,indexipb2015
1322847361,udnsyah,Syarifuddinsyah
237819999,MengenalJepang,Mengenal Jepang
464719107,BNIPromo,BNI Promo
1269060084,kertas_2015,KERTAS 2015
2323401763,lomba_beasiswa, LOMBA dan BEASISWA
567871474,raden_smith,Raden Smith Travel
134118537,infojatinangor,infojatinangor
382175669,anak_unpad,IG : AnakUNPADdotcom
180218872,IsyanaBagoesOka,Isyana Bagoes Oka
78214462,astrimegatari,Astri Megatari
74854653,gustavaulia,gustav aulia
114455367,MrTjandra,Michael Tjandra
255827164,IndonesiaKaya,Indonesia Kaya
180815630,infobudaya,Budaya Indonesia
384265379,sobatbudaya,Sobat Budaya
105024947,Pangeran92,Setiawan Wing
1085223570,KabarBeasiswaID,Info Beasiswa
28821082,AdamRitz,Adam Ritz
993215288,gaulmalang,Gaul Malang
1085289931,KabarBeasiswa,Beasiswa ter-Update!
2359046766,BeasiswaUB,Beasiswa Brawijaya
198708181,ppiAUCKLAND,PPI Auckland
521020468,LiputanHIJAB,Seputar HIJAB
2247178290,eKarir,Info Lowongan Kerja
110399898,APjournal,AP Journal
183536164,kompaskarier,KOMPASKarier.com
1285929540,missionxttv,MISSION X
1655507089,coderfactory,Coder Factory
376302246,SimplyAfterDark,Erik Christian
555677388,OIMFHUI,OIM FHUI 2015
1450803799,DebonairFox,Debonair Fox
131243184,rifky_balweel,Rifky Balweel
168392463,permitha,PPI Thailand
58144799,ristytagor,Risty Tagor
47635640,rizashahab,riza shahab
131678819,zeezee_shahab,Zeezeeshahab
237127238,teukuwisnu2,TeukuWisnu-Abu Adam
2467603800,Beriman_TTV,BERIMAN
1070790745,EdoWirapraja,Edo Wirapraja
351786386,ridhofarizan,Muhammad
127270876,agoez_link,Agussalim Syofyan
556785210,KMDGUGM,KMDG UGM
704726317,Garuda_Makassar,Garuda Makassar
268041822,archaeolo_gy,archaeolo.gy news
2256145362,santrijowo,Candra Martosadono
197732698,PastHorizons,Past Horizons
492862138,TheMetroTVNews,Metro TV News
208527185,HeritageDaily,archaeology news
424461303,HarvardAnthro,Harvard Anthropology
1182975145,EM_UBOfficial,EM UB 2015
2313285126,LIA_Makassar_,LBPP LIA Makassar
82254837,muhfadhli25,muhammad fadhli
888628478,AIESECUNHAS,AIESEC LC UNHAS
97338224,UB_Official,UB
309066151,UB_Unofficial,UB (Un)Official
2223822330,hartoto_id,Hartoto
41499191,ECU,Edith Cowan Uni
33874582,westsydunews,Western News
225551618,DroidIndonesia,Droid Indonesia
26348226,CDUni,Charles Darwin Uni
154395962,BondUniversity,Bond University
16661704,jcu,James Cook Uni
58389760,Griffith_Uni,Griffith University
22742520,uwanews,UWA
22862034,studyACU,ACU International
17383073,UQ_News,UQ News
15996963,Flinders,Flinders University
41359753,CurtinUni,Curtin University
22573758,UniofAdelaide,Uni of Adelaide
40178908,MurdochUni,Murdoch University
1412191886,TesTOEFL,Test TOEFL
2311978700,reanbeantea,reanbeantea
223282435,Melbourne,"Melbourne, Australia"
115006102,nulisbuku,nulisbuku.com
454766007,SexualitasID,Mas EDU
16110508,Swinburne,Swinburne University
68319072,UNSWnews,UNSW News
17053944,latrobe,La Trobe University
14769030,UNSW,UNSW Australia
6778812,RMIT,RMIT University
20104025,Sydney_Uni,University of Sydney
16608403,uommedia,UniMelb Newsroom
142897820,victoriauninews,Victoria University
15926727,MonashUni,Monash University
39153212,ovypie,Ovy (The Rizal's)
14862794,unimelb,Melbourne University
2369575190,IDPMakassar,IDP Makassar
154026063,fzhlisa,Lisa Fzh
75490699,StudiTwente,Studi Twente
45822057,eurogates,Study in Holland
184861171,EuroHigherEdu,EuroHigherEdu
177862258,PPI_Malaysia,PPI Malaysia
375989743,danaredsha,danar edsha
448024049,ridhamanindar,MaharidaManindar
98367934,THEworldunirank,World Uni Rankings
27553603,UniCanberra,UniversityofCanberra
15418056,humbercollege,Humber College
22874758,UniversitySA,Uni South Australia
20588564,CIE_Education,Cambridge Intl Exams
16880920,waikato,Waikato University
885880152,CurtinSarawak,Curtin Sarawak
224495471,ConversationEDU,The Conversation
30059943,GreenRiverCC,Green River CC
23602600,timeshighered,TimesHigherEducation
73084145,Cambridge4u,Cambridge ESOL CH
15967775,calstate,The CSU
430014846,LCIBS,LCIBS
37997556,HumberLife,HSF
18194887,baystatecollege,baystatecollege
191723833,Deakin,Deakin University
2415214411,ELCEducationJKT,ELC Education JKT
459072607,LTN2015,LTN 2015
2431691522,PMU_Udayana,PMU IV Udayana
1353652038,GoPanganLokal,Go Pangan Lokal
2417654004,STANWriting20,WRITING 2.0
1335669534,Fakta,Fakta Indonesia
39681077,firauliya,Syafira Fitri Auliya
79412587,halsyfrh,Halimah Syofarah
62455266,BNI46,BNI
858252607,FKBSorg,FKBS.org
162573565,COVtranstv,CelebrityOnVacation
85737051,langitRTV,RTV
71436318,KompasTV,KOMPAS TV
124839730,TRANS7,TRANS7
83551010,HellsKitchenID,Hell's Kitchen ID
96050941,ochannelupdates,O Channel TV
118288671,netmedia_info,NET MEDIA
217658384,811Show,811Show 
173067451,ProvocActive,ProvocativeProactive
