2407992262,elnduron,Kiani Durton
31044447,atnmanuo,Ettienne Montagner
525575961,IllinoisSARE,Illinois SARE
1858167872,NDSEG,NDSEG
34057352,thevirginia,Virginia Theatre
75755800,Himeldev,Himel Dev
74793928,JapanHouseUofI,Japan House
3550302015,shjuiuc,Huajie
3891887193,drcolleenmurphy,Colleen Murphy
66585424,actuallyaswin,Aswin Sivaraman
45857882,spurlockmuseum,Spurlock Museum
20912758,csgso,CSGSO @ UIUC
2850293223,UIarchives,U. Illinois Archives
3989170995,pkhorrami4,Pooya Khorrami
3167824973,MonicaChhatwani,Monica Chhatwani
134593382,robrutenbar,Rob A. Rutenbar
30058454,ILinnovations,Illinois Innovations
2432253637,ISEIFoundation,ISEIF
618457993,UofIFS,Illinois F&S
139946220,ellewrobobabble,BiYonic
142726684,SWEIllinois,SWE Illinois
19535537,iHotel,iHotel 
2462209795,WIE_Illinois,WIE at Illinois
202229706,illinoisNPRE,NPRE
482243264,AEatIllinois,AE at Illinois
987255445,BIOENGatIL,S. McKenna for BIOE
2817205099,ILHealthEng,Illinois HealthEng
3427023198,SWE_grad,SWE Grad Community
812159749,ceciklauber,Cecilia Klauber
1483232924,foxymillet,Setaria Project
432135246,daniellejmai,Danielle Mai
1288819446,Good2GoTruck,Good 2 Go Food Truck
1534948303,TopScholars1,TopScholars@Illinois
2865750267,UIUC_BioE_Grads,UIUC BioE Grads
3394607181,OrderUpChambana,OrderUp Chambana
526773877,JimBasney,Jim Basney
274011229,aarontanderson,Aaron Anderson
12968022,powersoffour,Matthew Turk
33540571,elliewix,Elizabeth Wickes
63743833,SciNode,Science Node
62131111,johnwcobb,John W. Cobb
1665595976,ChambanaSciCafe,Chambana ScienceCafe
3432068752,hackerwithin_IL,Hacker Within-IL
36028854,strawser1985,James Strawser
2229268616,michael_kruepke,michael kruepke
2315891756,IlliniDemocrats,Illini Democrats
21653311,diana_yates_,Diana Yates
3300856308,GETillinois,GET at Illinois
41376211,Illinois_1867,1867 Society
713572116,Owens_Mitch4,Mitch Owens
257098434,blackdogcu,Black Dog Smoke
38056915,sevensaints,Seven Saints
19458472,SmilePolitely,Smile Politely
2959865894,ugresearch_UI,UI UndergradResearch
19206905,TheDailyIllini,The Daily Illini
3131231087,IllinoisIHSI,Illinois IHSI
544199822,writemegwrite,Meaghan Downs
2997326100,YoureWelcomeCU,You're Welcome CU
475264785,vprillinois,VPR Illinois
373198965,IllinoisComm,Communication Dept
2660262065,RKNarayanan,RK Narayanan PhD
184806433,ICadvocates,Illinois Connection
368996879,ImpactUIllinois,U. Illinois
82392862,jwb713,Bill Bell
2838159641,ILBioinstrument,ILBioinstrumentation
28360831,IllinoisLGBTRC,UofI LGBT Resources
33088680,ILStuAffairs,UI Student Affairs
27778511,ILStudentSenate,IL.Student Senate
57496739,IllinoisWRC,Illinois WRC 
14836899,IL_Leadership,Illinois Leadership
891470563,IllinoisABE,ABE Illinois
1675387826,OIIR_Illinois,OIIR at Illinois
469584454,uofibookstore,IlliniUnionBookstore
2955853845,WBInventions,WorkBench Inventions
162917875,cleanerworld71,brandi allen wilske
3656777897,Lauraaustine,Laura Austine
1514029248,IGBIllinois,Genomic Biology
1613714996,USFSCO,U of I USFSCO
2790428615,powerties,Dan Beaudry
177442894,MysteryBaer,Levi M.E. Baer
188780257,ILStudentMoney,U of I Student Money
244792180,dagdevirencanan,Canan Dagdeviren
175072327,i_hari,Hari Raghavendra
204590156,mprobson,Michael Robson
241127783,IUB_Presents,Illini Union Board
338545569,NSFGRFP,NSF GRFP
265639200,acroynon,Adam Roynon
841835982,learnlibrary,Savvy Researcher
241466675,TarekSakakini,Tarek Sakakini
186275019,SIAMatIllinois,SIAM at Illinois
2475800184,aliceylai,Alice Lai
22375288,ybisk,Yonatan Bisk
228313429,c_christodoulop,Christos [...]poulos
195519101,probablypranjal,Pranjal Vachaspati
3265548217,geo_uiuc,GEO at UIUC
587743131,LivingYogaCntr,Living Yoga Center
86068917,amarayogaarts,Amara Yoga and Arts
69265048,CU_PublicHealth,CU Public Health
1457879154,PygLitFest,Pygmalion Lit
52189468,ThePygFest,The Pygmalion Fest
2788213710,erinkmolloy,Erin Molloy
28040164,acmuiuc,acm@uiuc
381709866,Illinois_Intl,IL International
77331210,RebeccaEE,Rebecca M. Reck
2725018345,ASEEIllinois,ASEE at Illinois
213419439,TechServicesIL,Technology Services
1855144231,UI_Counseling,Counseling Center
38160029,ChampaignPubLib,Champaign Library
299872718,UoICareerCenter,IllinoisCareerCenter
17883396,gslis,GSLIS at Illinois
46412759,urbanasweetcorn,Urbana Sweetcorn
90258273,UIIceArena,Ice Arena
183897877,uiucssf, UIUC Student Farm
315358139,CITLIllinois,CITL Illinois
15467466,urbanamarket,urbanamarket
138899085,thecuart,Art Theater Co-op
59241534,culincolnsquare,Lincoln Square
1112822958,InclusiveIL,Inclusive Illinois
2511392856,UofIResearch,Research at Illinois
578322830,IllinoisWCS,WCS at Illinois
2720041123,LauraGhosh,Laura Ghosh
243271397,fawazahmed4,Ahmed Fawaz
242505175,finwellnessuie,Financial Wellness
385966254,urbanaparks,Urbana Park District
370122605,ISSSIllinois,ISSS Illinois
762328548,IllinoisISE,Illinois ISE
460544502,CrackedTruck,Cracked Truck
32117678,IlliniAlert,Illini-Alert 
262740200,Illini_Union,Illini Union
34644039,sustainILLINOIS,iSEE at U of I
29890336,BeckmanInst,Beckman Institute
155684715,CSL_Illinois,CSL at Illinois
499198512,NCSAatIllinois,NCSAatIllinois
94427586,graingerlibrary,Grainger Library
118749117,MechSEGrad,MechSEGrad
175415640,UIResearchPark,UIUC Research Park
29548766,eceILLINOIS,ECE ILLINOIS
85422943,CEEatIllinois,CEE at Illinois
28425476,EngineeringAtIL,Illinois Engineering
16363771,IllinoisCS,CS @ ILLINOIS
47329807,PhysicsIllinois,Physics Illinois
557049511,taubetapi,Tau Beta Pi
1561406257,KAMillinois,Krannert Art Museum
2421342902,GradSWEillinois,GradSWE at Illinois
27093485,urbanabusiness,UBA
31223375,IlliniCampusRec,Illinois Campus Rec
20549189,champark,Champaign Park Dist
150791798,mechseILLINOIS,MechSE Illinois
230216937,IllinoisMatSE,MatSE at Illinois
489748518,GradLifeIL,GradLife at Illinois
360977334,LHLogan1,Lauren H. Logan
2342810652,raman_ritu,Ritu Raman
2376088723,EwesSris_Summit,EWES_SRIS
253138473,urbanapublicart,Urbana Public Arts
166633594,CUMTD,C-U MTD
18165866,Illinois_Alma,Univ. of Illinois
24772029,cityofurbana,City of Urbana
158049926,visitchampaign,Visit Champaign
18979810,cg_food_coop,Common Ground Coop
18635278,KrannertCenter,Krannert Center
242846422,cubikemonth,C-U Bike Month
18450876,champaigncity,City of Champaign
