180505807,instagram,Instagram
859825782,StaffingCSS,CSS Staffing
17787705,GoParks,Natl Park Foundation
778531627,AU_NSBE,Auburn NSBE
68863938,ufnsbe,UF NSBE
2646645414,AITP_FSCJ,FSCJ AITP
34049155,GetJETmag,JET magazine
242114073,JoinBBC,BlackBloggersConnect
43743614,MyBlackNetworks,My Black Networks
278221163,MyBlackTechnlgy,MyBlack Technology
276538571,BIGNATIONAL,Blacks In Government
2321932842,STEMDrum,STEM Drum
2411427638,CCAC_Veterans,CCAC VeteranServices
282505678,mel_unwin,Melanie Unwin
3096361807,STEMequity,Janelle Johnson
444550748,jjerez53,Jonathan Jerez
22156926,SmithsonianCW,Smithsonian CivilWar
3064422371,NeuvooLegUS,Legal Jobs US
2891403898,NeuvooOilnGasUS,Oil and Gas Jobs USA
506067562,DuaneMorrisInst,DuaneMorrisInstitute
3051177586,GeoJob_app,GeoJob
74824454,ACWMuseum,American Civil War
67533694,networkafterwrk,Network After Work
37306607,HHRVB,Hershey Harrisburg
19605351,patourismpr,PA Tourism PR Team
848052457,PaTravelTourism,PA Travel & Tourism
44179998,moc1896,Museum Confederacy
37753044,civilwarphoto,CCWP
190327446,virginiacw150,Virginia Civil War
116749948,FairfaxCivilWar,Fairfax Civil War 
3041804067,MyWindowsEden,Windows 10 news
37391190,AxelKoster,#AxelHappy
3006041962,FullTiltBiz,Full Tilt Business
253663760,ambarmstrong,Amber Armstrong
1961007493,LaurenR_GG,Lauren
2975229501,NeuvooCleveland,Jobs Cleveland
3035438992,NeuvooHRUS,HR Jobs US
2168961860,HistoricPictorx,Historic Pictoric
734840887,AviationJobsMe,aviationjobs.me
1744621,HRdotcom,HR.com
2175598194,247_India,[24]7 India
2919100819,socialmm_rr,Social Media Mktg
1225944542,makeworkhappy,Traba
19720041,getgowetgo,GetGo
36359791,kroger,Kroger
23595559,MarketDistrict,Market District
19159589,GiantEagle,"Giant Eagle, Inc."
385134210,VWT_Travel,ValerieWilsonTravel
32194840,ASTAAgents,ASTA 
44718582,JackieFriedman,Jackie Friedman
194643757,HotTravelJobs,Hot Travel Jobs
476624208,TweetAForYes,Ed Cameron
16041234,RawStory,Raw Story
1154818723,BelcanPITT,Belcan Pittsburgh
3022850660,NeuvooAccUS,Accounting US
236469665,KM_ECM,Konica Minolta ECM
2980399895,NeuvooPittsburg,Jobs Pittsburgh
408008919,newcareerishere,New Career
30249176,Exposure4All,Stewart Harding
299835152,ProvidentNJ,Provident Bank
399125922,SocialNDenver,SocialNDenver
14810003,JohnStanko,JohnStanko
1307464830,marv_nelson,Marvin Nelson
21263371,kdog66,Kelvin L. Walker
223957272,ACACThreads,ACAC
46692276,SealTours,San Diego Seal Tours
192942732,dcfieldtrips,DC Trips
43971228,HistoricTours,Historic Tours 
206386073,DCDuckTours,DC Ducks
19604212,gfkairport,Grand Forks Airport
20708051,BWI_Airport,BWI Marshall Airport
130933196,dcairports,MWAA
143306758,Dulles_Airport,Dulles Airport (IAD)
1472173832,Reagan_Airport,Reagan Airport
414872140,DC_Inno,DC Inno
10861222,dcscene,DC Scene
138764685,gofgDC,GuestofaGuest DC
1921987548,itsdccool,DC Cool
331778586,USPSstamps,USPS Stamps
18169053,SmithsonianNMAI,AmericanIndianMuseum
17366486,amhistorymuseum,amhistorymuseum
30293070,PostalMuseum,Postal Museum
41584672,IntlSpyMuseum,The Spy Museum
27956536,nycwax,Madame Tussauds NY
36103418,DCWax,Madame Tussauds DC
2829595237,lyndacomjp,lynda.com 
66435090,DCculture,Cultural Tourism DC
79244088,ConventionsDC,Events DC
45006982,DCSportsEnt,Events DC
1774391,nytimestravel,NY Times Travel
255006038,SocialEffect_Co,The Social Effect
28535982,KAYAK,KAYAK
14237001,frugaltraveler,The Frugal Traveler
14132853,SmarterTravel,SmarterTravel
49859891,CyndiLuvsGod,Cyndi Spehar
2900809505,JMedhurstELA,James Medhurst
15397465,Lennar,Lennar
2986214206,NeuvooMarPor,Marketing Portland
24729747,marissapick,Marissa Pick
33057154,jeffsheehan,Jeff Sheehan
93098435,lulinyc,Lu Li
2956091884,RSI_Doors,RSI Doors
1958276510,cruisepanorama,Cruise Panorama
678683,jennb,~jen~
17442457,CleClinicMD,Cleveland Clinic MD
52747265,brianamarie132,Briana Marie
16031536,fodorstravel,Fodor's Travel
20071863,HuffPostTravel,HuffPost Travel
22739949,ViatorTravel,Viator.com
521591301,AsSeenInPGH,AsSeenInPittsburgh
65675630,partypgh,PARTY PITTSBURGH
15856435,MSN,MSN
238554588,abikedabiri,Abike Dabiri-Erewa
801386336,SSA_Jobcreation,Job Creation
36093693,wattersjames,James Watters
770013276,CareerFairNG,#NationalCareerFair
5625972,eventbrite,Eventbrite
2869578485,GarethSherry,Gareth Sherry
226766905,PGHAutoShow,Pittsburgh Auto Show
86324942,ServeDC,Serve DC
15302560,WashPostDC,Washington Post D.C.
1025661499,SurgePureCanada,Douglas Piebiak
31128746,ClevelandJob,Cleveland Jobs
58389472,Houston100KJobs,Houston $100K+ Jobs
785090707,HoustontexasT,Houston Texas
1872313968,SweetNYJobs,SweetNewYorkJobs.com
949612194,JoyShanklin,Joy Shanklin
497554467,disimic,Di Simic
49005422,opajdara,Dubie Bacino
930142494,WorldOfOrient,World Of Orient
809313835,eTravelia,eTravelia.com
67477778,PalmCityLawyer,John Mangan
259889792,SSI_Advantage,SurgeSuppressionInc
1584500023,ProximityPatent,$ISDSF _ $ISD.V
448287023,LYFEMarketing,LYFE Marketing
14738804,KevinWGrossman,Kevin W. Grossman
68598070,DanielCBuckle,Daniel Buckle
323925070,TweetTechnocopy,Technocopy Solutions
2731150020,TomMSFT,Tom Action
151064671,NickVlacic,Nick Vlacic
552005607,BanWork,Jerry Banfield
394932913,elitebrandnames,gene
2204738892,DavidRPrasser,David R. Prasser
2427920617,CloudHesive,CloudHesive
2963716905,GodLikePackagez,
366331656,iAskdQuestions,iAskd Q&A
366701576,MightyGuide,Mighty Guide
620403754,RussettSW,Russett Southwest 
1069183142,airdoctorsinc,"Air Doctors, Inc"
24889076,UltimateHCM,Ultimate Software
1580683038,GetaHomeplan,American Residential
193818082,LGUSAMobile,LG USA Mobile
14620190,ATT,AT&T
183366613,BoostCare,Boost Mobile Care
9655952,boostmobile,Boost Mobile
410099400,EPClinicalTrial,EPClinicalTrials
25685097,Woodley_Equip,Woodley Equipment
27900939,AstellasUS,Astellas Pharma US
102340275,MESMGlobal,MESM Global
2945826751,Kittykikki,AnythingFree1.com
99570418,alazkano,Ander Lazcano
49492914,PAtech2015,PAtech2015
2837459474,BaradanMainali,Baradan Mainali
41447800,GottaloveGwen,Gwen Cunningham
14879591,National_Geo,National Geographic
2496141,Brookstone,Brookstone
66810543,SharperImage,Sharper Image
16016427,frontlinepbs,FRONTLINE
627618082,americareframed,America ReFramed
15471824,IndependentLens,Independent Lens|PBS
155942920,worldchannelPTV,WORLD Channel
533230228,UnitedConcordia,United Concordia
2591906720,DynamicMKTGPitt,Dynamic Marketing
358079869,BillElliott2006,Bill Elliott
145479560,las930,Michigan Saving
2176664334,topbulb,Topbulb.com
19590547,Viatek,Viatek Products
63219080,aarpia,AARP Iowa
90913437,ARAARP,AARP Arkansas
84132603,AARPNJ,AARP New Jersey
60925947,AARPPA,AARP Pennsylvania
21442298,AETV,A&E Network
2192776110,AENetworks,A+E Networks
2847030188,NZTApps,NZT Apps Solution
2402148228,SocialForHumans,Jim Connolly
134292653,ziggyjo01,Steven Bischa
15977467,KatTorresOnline,Kat
2460090330,PragConference,Prag Conferencing
58538273,vodien,Vodien Singapore
13463862,drdaviddugan,David Dugan
2575472016,DrBNik,Benjamin Nikravesh
2497051051,DrCCheung,Dr. Catherine Cheung
68290065,CareerBliss,CareerBliss
159474838,NationalCareers,National Careers 
191514892,HRsmart,HRsmart
90031275,learnistorg,Learnist Careers
972320850,recsmarter,Julie Green
214455463,monster_india,Monster India
1518201014,CareerBuilderTO,Career Builder 
14691633,mmwalker,Mary-Margaret Walker
34890809,Career_Builder,The Career Guru
32444652,CareerBuilderFR,CareerBuilder.fr
2150718883,ArtCareerBuild,Art Career Builder
168775305,WorkAtCB,Work @ CareerBuilder
39740095,CareerBuilderNo,CareerBuilder Norge
25050937,CareerBuilderUK,CareerBuilder.co.uk
18637625,CareerBuilderIN,CareerBuilder India
22066518,CareerBuilderPR,CareerBuilder PR
26768745,mercedezboi,"LaMont Jones, Jr."
1252806792,twistools_en,Twistools
410823160,BOWAworld,BOWAworld
107924447,JaeNwawe,Jae Nwawe
1713944696,TheMacMediaShow,Mac
178836919,pcserviceabt,ABT PC Service
17278675,KSTP,KSTP
27649492,girls_inc,Girls Inc.
2882452724,CAAutoInc,Computer Aided Auto
14761795,TEDchris,Chris Anderson
91478624,Forbes,Forbes
2918039183,ED_PMP,"ED, PMP"
243856086,IBTTA,IBTTA
157060150,IPRsecure,IPR International
2238061640,TalentPHL,Talent Greater PHL
55673080,goldimage,Gold Image Printing
622204725,sourcing_CAI,"Computer Aid, Inc."
1359980808,cmichelcarter,Christine Carter
115749048,SecretService,U.S. Secret Service
9130702,starsandstripes,Stars and Stripes
27027979,MilitaryTimes,Military Times
14159148,UN,United Nations
17629860,FBI,FBI
14074515,USAgov,USA.gov
21312961,defense_news,Defense News
14692385,Militarydotcom,Military.com
28576135,thejointstaff,The Joint Staff
25159286,CENTCOM,U.S. Central Command
15647676,DHSgov,Homeland Security
9624742,StateDept,Department of State
1615463502,AmbassadorPower,Samantha Power
2377561969,Goldfuss44,Christy Goldfuss
1135388684,Psaki44,Jen Psaki
15007149,JohnKerry,John Kerry
66369181,DeptofDefense,U.S. Dept of Defense
461697741,ChrisLu44,Chris Lu
17232013,ValueIntoWords,JacPoindexter
17116782,phyllismufson,Phyllis Mufson
14181272,Keppie_Careers,Miriam Salpeter
25665666,Absolutely_Abby,Abby Kohut
92017484,SocialMediaLond,Social Media London
360685668,MerrillLynch,Merrill Lynch
