20332568,gmodeloh,Gaspar Modelo-Howard
50393960,BillGates,Bill Gates
79145543,najatvb,Najat Belkacem
32861321,RFI,RFI
184910040,Adele,Adele
172932304,JeWandaOfficiel,Je Wanda Magazine
106699049,AeroportsParis,Aroports de Paris
155659213,Cristiano,Cristiano Ronaldo
29548766,eceILLINOIS,ECE ILLINOIS
40448264,OM_Officiel,Olympique Marseille
428333,cnnbrk,CNN Breaking News
130845751,LuisBethancourt,Luis Bethancourt
179530581,booba,Booba
67344613,jayisms,Jay A. Patel
18165866,Illinois_Alma,Univ. of Illinois
182328629,ThomasngijolV,Thomas Ngijol
23976386,davidguetta,David Guetta
16363771,IllinoisCS,CS @ ILLINOIS
54904679,AirCanada,Air Canada
16629918,Iberia,Iberia
16363771,IllinoisCS,CS @ ILLINOIS
807095,nytimes,The New York Times
73167978,LatinasInC,Latinas in Computing
255030147,DebbouzeJamel,Jamel Debbouze
10770012,xiaoma,Xiao Ma
816653,TechCrunch,TechCrunch
2283073902,Cous_21,George Couston
128614917,Sopranopsy4,Soprano
14366953,cmyang,Charles the Yang
36678907,dpaola2,Dave Paola
2203397006,Uber_Panama,Uber Panama
18332190,British_Airways,British Airways
10371392,ns0162,ns0162
51093319,innovaCDS,Centro de Innovacin
30245411,ZAHOOFFICIEL,Zaho
21744528,lafouine78,lafouine
362287915,kekadeleon,Aleika De Leon
16222469,C_Barbier,Christophe Barbier
88708920,jeune_afrique,Jeune Afrique
1864123538,FecafootOfficie,Fecafoot-Officiel
16222469,C_Barbier,Christophe Barbier
16890747,di3gopa,Diego Tejera
17471979,NatGeo,National Geographic
25048816,France24_fr,FRANCE 24 Franais
192947735,iam_Davido,Davido
15846407,TheEllenShow,Ellen DeGeneres
38164846,PSG_inside,PSG Officiel
11348282,NASA,NASA
18495122,dMaggot,David E. Narvez
1391673792,saviezvous,SaviezVous
5988062,TheEconomist,The Economist
26829176,NCWIT,NCWIT
18060279,Atlassian,Atlassian
18365090,ragibhasan,Ragib Hasan
2401759495,stk,Sam King
38676903,easyJet,easyJet
217939310,sameersundresh,Sameer Sundresh
399412477,el33th4xor,Emin Gn Sirer
17093617,hootsuite,Hootsuite
154681028,MaitreGims,MAITRE GIMS
20536157,google,Google
17736981,garnaat,Mitch Garnaat
810776,PelleB,Pelle Braendgaard
14395042,vlopez2016,vlopez2016
52638687,Russellcwood,Russell Wood
498138205,FunkACESLibrary,Funk ACES Library
30899115,AirFranceUS,Air France US
101664219,JJBourdin_RMC,Jean-Jacques Bourdin
16523984,faribakhan,Fariba
15492359,TEDTalks,TED Talks
138340721,dmolino17,Diego Molino
28040164,acmuiuc,acm@uiuc
146106708,sexiondassaut,sexion d'assaut WA
38142665,le_Parisien,Le Parisien
6017542,BreakingNews,Breaking News
106062176,airfrance,Air France
1344951,WIRED,WIRED
117238667,smflanders,Steve Flanders
24744541,lemondefr,Le Monde
786688345,CahierAmour,Cahier d'Amour
34570323,Europe1,Europe 1
14749606,Dropbox,Dropbox
64534513,ScoreCloud,ScoreCloud 
14872237,realmadrid,Real Madrid C. F.
2875837805,cogscirr,Cognitive Science
24744541,lemondefr,Le Monde
103821088,TF1,TF1
125075740,aeperezt,Alejandro Perez
18936161,lequipe,L'QUIPE
1334928384,setoo9,Samuel Eto'o
358387467,AurelienChedjou,Aurelien Chedjou
18554096,rmorale,Ramss Morales
6107442,atourino,Antonio Tourio
783214,twitter,Twitter
126384221,senacyt,Senacyt Panam
1570619534,luisdavid1977,Luis David
379671577,AbSuira,Abelardo A. Suira A.
1994321,FRANCE24,FRANCE 24
54645160,DARPA,DARPA
94427586,graingerlibrary,Grainger Library
40205617,AirFranceFR,Air France FR
