928490268,LaunchingNext,Launching Next
586,sacca,Chris Sacca
6708952,SteveCase,Steve Case
39819578,GoodPeopleArg,GoodPeople Argentina
5512832,Rich_Barton,Rich Barton
16911564,JulesHanna,julie hanna
308573576,PennyPritzker,Penny Pritzker
2328977556,InnovateBlue,Innovate Blue
47549714,falconmaster,Fredi Lajvardi
774840018,SamiAhmedBiz,Sami Ahmed
19644592,campbellclaret,Alastair Campbell
180318567,TEDxHongKong,TEDxHongKong
2808461754,getcompanion,Companion
712347072,ClareLeinweber,Clare Leinweber
1651989012,garrett_geoff,Geoffrey Garrett
69225990,acmreflections,ACM r|p Conference
28040164,acmuiuc,acm@uiuc
3044144584,TheGarageNU,The Garage
101896529,HuffPostCollege,HuffPost College
21764343,nytedlife,NYT Education Life
21405623,USATODAYcollege,USA TODAY College
21346619,PepsiCo,PepsiCo
8161232,richardbranson,Richard Branson
177322879,bsrhodes,Brandon Rhodes
199110293,Go_Mene,Domingo Meneses
15631238,Virgin,Virgin
1157592786,samsungaccel,Samsung Accelerator
343072227,ThisIsNinaT,Nina Tomaro
260796272,tinfoilsecurity,Tinfoil Security
734939504,Wes_engage,Wes|Civic Engagement
1930783171,VirginDisruptor,Virgin Disruptors
17549186,toddwseattle,toddwseattle
135914599,nuvention,NUvention Web
21098620,mmarasco,Michael Marasco
15854250,amykaherl,amy kaherl
28425476,EngineeringAtIL,Illinois Engineering
847907588,cwaldmeir,Charlotte Waldmeir
16454856,VirginUnite,Virgin Unite
2385514274,virginhotelschi,Virgin Hotel Chicago
14547400,lshenoy,Lakshmi
2361288673,BofAML,BofAML
102293733,TechatNYU,Tech@NYU
206071769,intledtech,intledtech
92432516,UNWomenSg,UN Women Singapore
1534322197,GS10KWomen,"GS 10,000 Women"
268094901,Latino_Startups,Latino Startups
288392345,BryantHolt,Bryant Holt
620437297,EmPLarson,Emma Larson
68593873,BeckyTheCoach,Becky-ExecutiveCoach
1413534331,winesavvo,savvo
12387072,SuB8u,Subrahmanyam KVJ
1134249313,LoveandRobotsHQ,Love & Robots
317463387,WayraAr,Wayra Argentina
26229620,karlaherne,Karl Aherne
19520336,nicoleyeary,Nicole Yeary
42198874,richiewhelan,Richard Whelan
65688441,sheswanderful,Wanderful
19538041,startupsg,Start-Up@Singapore
479186475,TapTheFuture,TapTheFuture
500228331,CollegeTourist,College Tourist
1395044640,LifeAfterSA,LifeAfterStudyAbroad
3132147808,IIE_Summit,IIE Summit 2016
18165866,Illinois_Alma,Univ. of Illinois
23635554,AGDatMichigan,Alpha Gam at U of M
2530724647,miniumphone,minium
370877550,JaniceValentine,Janice Valentine
254785745,tradegecko,TradeGecko
201867844,ReutersLatam,Reuters Latam
14412844,thomsonreuters,Thomson Reuters
127918163,FutureFounders,Future Founders
2207491537,flimperapp,Flimper
2902297442,goeasyship,Easyship
24641073,zaktracy,Zak
2240743626,ReedsyHQ,Reedsy
34997376,ATHGO,Athgo International
872606708,WorldStartupRpt,World Startup Report
61744008,Telefonica,Telefnica
2987955574,startupguild,Startup Guild
1968410736,Crwdsight,Crowdsight Mobile
3248202928,ThefounderKenya,TheFounder Magazine
3370918655,newcitybandits,Bandits
17782683,thayerschool,Thayer School
743585142,LeanInOrg,Lean In
281072742,LeighWasson,Leigh Egon
60415562,neontissues,Sisi Liu
2168407616,etoccalino,Elvio Toccalino
2518895744,twyperapp,Twyper
754355431,PayrollHero_SG,PayrollHero SG
23206772,EntAnon,EntAnonSociety
590039707,l_m_walker,Laura Walker
2919307734,JonathanOByrne,Jonathan O'Byrne
178693840,collectiveSG,Collective Works
16629564,StudyingAbroad,StudyAbroad.com
569963330,hubsg,The Hub Singapore
3197639347,YouthHackSg,YouthHack Singapore
253167239,GoldmanSachs,Goldman Sachs
74157393,GateFinanceClub,Colgate Finance Club
526673798,popdeem,Popdeem
11110982,geoffreygreene,Geoffrey Greene
189402020,toingee,Toi Ngee
1108448558,TheCloudMiner,Daniel Bloor
3044767953,CityHookItalia,cityhook.it
197962366,buffer,Buffer
17761963,courtneyseiter,Courtney Seiter
14997224,seedrocket,SeedRocket
130464206,sofiabenjumea,sofia benjumea
2542067612,CampusMadrid,Campus Madrid
336710974,WhitneyMartine,Whitney Clark
3097978206,UCRStudyAbroad,UCR Study Abroad 
298496838,APAParis,APA Paris
14828567,jgelsey,Jon Gelsey
974765708,happystartups,Happy Startup School
39182784,tinacwells,Tina Wells
1446953138,Kathy_Calvin,Kathy Calvin
29313406,jmmason,Jeff MacKie Mason
59173803,ElizabethGore,Elizabeth Gore
3342292456,annatflimper,Anna
3011986772,comebash,BASH @ Singapore
24029979,UMichiganNews,Michigan News
18033550,umsi,SchoolofInformation
7761912,jengroff,Josh Engroff
332617373,elerianm,Mohamed A. El-Erian
23450421,DukeU,Duke University
21136788,DukeChronicle,The (Duke) Chronicle
43341248,DukeSYE,Duke Sophomores
2209385678,DukeAdvising,Duke Advising
2752242137,Wharton_Latino,Wharton Latino
26761106,DukeBOW,Duke BOW
50682923,DukeGlobalEd,Duke Global Ed
81519434,alexpudge,Alex Feldman
25306055,BrownCareerLAB,Brown CareerLAB
18682917,whartonknows,Knowledge@Wharton
20446499,StudyAbroad101,Abroad101
35761855,LSUStudyAbroad,LSU Study Abroad
41832836,EAatUK,UK Education Abroad
47364898,TAMUStudyAbroad,TAMU Study Abroad
48481805,IAPstudyabroad,UW-Madison IAP
76343829,LUstudyabroad,Lehigh Study Abroad
228779978,NYULondon,NYU London
353933687,CUDenverAbroad,CU Denver Global Ed
568499489,OSUStudyAbroad,OSU Study Abroad
583903218,GWStudyAbroad,GW Study Abroad
730908037,IFSAButler,IFSA-Butler Abroad
829493521,UGAStudyAbroad,UGA Study Abroad
793967706,BamaStudyAbroad,BamaStudyAbroad
900220315,WorldandUT,UT Int'l Office
1229817625,NAFSARegion8,NAFSA Region 8
1281488936,CUBoulderAbroad,CU Study Abroad
1530877988,GUAbroad,GU Abroad
1945733498,NAFSARegionXI,NAFSA Region XI
2159578675,nafsaregion7,NAFSA Region VII
1120170973,NAFSA_Region_3,NAFSA Region 3
214115221,nafsaregion6,NAFSA Region VI
166657583,BAcomex,BA Comercio Exterior
294161235,Region5NAFSA,Region V NAFSA
324906119,NAFSATechMIG,NAFSATechMIG
221861327,MelibeeGlobalel,Melibee Global
294810513,ccniesen,Carrie HerreraNiesen
266953814,ibmGE,IBM Entrepreneur
3072606045,DublinGlobe,Dublin Globe
814833,rsohoni,Reshma Sohoni
245924458,SiaHouchangnia,Sia Houchangnia
718566852,HilSzy,Hilary Szymujko
1611458532,Startuprep1,Start-Up Republic
156071697,clocke78,Chris Locke
1673541726,Tribalvc,Tribal.vc
605866626,Frontline,Frontline Ventures
90899364,wilp,Will Prendergast
591883681,mattcortland,Matthew Cortland
22538642,kim617,Kim Pham
1877803189,AmbWagar,Kirk Wagar
454645641,RedWhiteBlueDot,US Embassy Singapore
16201264,startupstowers,Startups.co.uk
36349084,ianlucey,Ian Lucey
1664986567,DrinkaboutDUB,Drinkabout Dublin
262652556,StartUpBritain,StartUp Britain
1325112157,TechLondonAdv,TechLondonAdvocates
607678429,3_Beards,3beards
310322078,SiliconDrinkabt,Silicon Drinkabout
1324292497,KPMGTechGrowth,KPMG Tech Growth
404526275,TechCityNews,Tech City News
279144084,TechCityUK,Tech City UK
1531496234,CampusLondon,Campus London
191164606,Russellbanks77,Russell Banks
14321672,genemurphy,Gene
2740147945,SimonCocking,Simon Cocking
388555493,CondoleezzaRice,Condoleezza Rice
15649433,TravelGov,Travel - State Dept
1615463502,AmbassadorPower,Samantha Power
1707321486,madeleine,Madeleine Albright
14972593,peglegmeg,Megan Lee
289436397,tuckeroverseas,Tucker Hutchinson
302342617,MitchGordonGo,Mitch Gordon
800797688,traveladvising,Samantha Martin
333187311,goProjectTravel,Project Travel
494357346,startup_italia,StartupItalia!
550809307,Italia_Startup,Italia Startup
22121244,rdonadon,riccardo donadon
2000931,SWITTERmrossi,maurizio rossi
169211473,CIPAStudyAbroad,Emory Study Abroad
53175046,UCLAIEO,UCLA Study Abroad
478748023,DartmouthCareer,DartmouthCtr4ProfDev
27780364,ucbstudyabroad,BerkeleyStudyAbroad
519673989,CornellAbroad,Cornell Abroad
30315557,googlestudents,Google Students
93243982,theGREENprogram,theGREENprogram
1944406760,BarnardOIIS,Barnard OIIS
67073528,BucknellCareer,Bucknell Career 
27879454,BucknellU,Bucknell University
2881800195,hamzahahmed08,Hamzah Ahmed
18506515,AmherstCollege,Amherst College
39520778,wmcareer,WM Career Center
1534658660,HuntsmanProgram,The Huntsman Program
14466627,gwcareercenter,GW Career Services
7856542,Georgetown,Georgetown Univ.
2517997128,univmiamijobs,UM Careers
70465359,GUCareerCenter,GU Career Center
39776435,Toppel,Toppel Career Center
100597271,BoilersAbroad,Purdue Study Abroad
121804169,PurdueRP,Purdue Research Park
1281217675,UCSC_Global,UC Santa Cruz IEO
195942014,UCSC_Careers,UCSC Career Center
10772102,ucsc,UC Santa Cruz
67665222,GEOVanderbilt,GEO Vanderbilt
843832531,VUCareer,Vanderbilt Career
14775752,VanderbiltU,VanderbiltU
40940457,Univ_Of_Oregon,University of Oregon
1621127264,ColumbiaEship,Columbia Eship
229601745,ie3global,IE3 Global
569386546,InternOregon,Oregon Internships
932477046,IntlDucks,Intl Ducks
844836229,theahva,Ahva Pakzadan
17136221,uocareercenter,UOCareerCenter
260032094,ColumbiaEntrep,CORE
20208931,ColumbiaCCE,ColumbiaCCE
432662240,SamFoxSchool,Sam Fox School
19405351,WashUengineers,WashU Engineering
277072979,WUSTLoiss,WUSTL OISS
259363858,WUSTLbusiness,Olin Business School
17815224,WUSTL,Washington U. 
15782087,WUSTLcareers,WUSTL Career Center
1722091254,UChiGlobal,UChicago Global
525634023,UChicagoAbroad,UChicagoAbroad
18272473,NORCNews,NORC at U.Chicago
1091278020,UmichIEEE,UMich IEEE-ACM
2981594470,UMiCenter,UMICH International
1611734618,UMSiliconValley,UMich Silicon Valley
2828086644,umichDEI,DEI
759726559,umichTECH,U-M ITS  Ann Arbor
2232006973,SwarthmoreIC,Swarthmore IC
