4303693047,ChristianLabUI,Christian Lab UIUC
4120559752,IllinoisMSBA,IllinoisMSBA
17518902,bradp10,Brad Petersen
125512325,PsyPost,PsyPost.org
815939072,mariecleger,Dr. Marie Leger
3677803635,CCFDIllinois,CCFD Illinois
2439826512,shaheenresearch,Shaheen Research Grp
3394591258,ChancellorKoch,Susan Koch
22456584,GreenCityMarket,Green City Market
67112261,ChiFrenchMarket,French Market
46485024,jacksonlab,Jackson Laboratory
2917492954,MedicalExamPrep,Medical Exam Prep
1428220452,TheTATRC,The TATRC
47009719,alenghat,Francis Alenghat
27648004,CardiologyToday,Cardiology Today
236133741,CardioResearch,cardio-research.com
23184067,Aller_MD,Juan C Ivancevich MD
1415421686,ScienceUKnews,ScienceUK
227913170,HealthNewsWired,Health News Wire
72538033,StrategicNorth,Strategic North
2844688340,TheLongevityNet,Longevity Network
18179696,BioPortfolio,BioPortfolio
2978546749,scifeeds,SciFeeds
287568380,medical_xpress,Medical Xpress
42651647,HarvardChanSPH,HarvardPublicHealth
18221346,studentdoctor,StudentDoctorNetwork
1072136521,GBHealthWatch,GB HealthWatch
2402548327,nickreeldx,Nick Adkins
141947171,theIOM,InstituteofMedicine
23771696,TEDMED,TEDMED
21898041,disclifechannel,Discovery Life
6450322,womenshealth,womenshealth.gov
8984292,WebMD_Blogs,WebMD_Blogs
580205619,TheNRMP,NRMP
556983614,ERASinfo,ERAS
329684109,AAMCFIRST,AAMC FIRST
77232328,AAMC_MCAT,MCAT
233364902,Atul_Gawande,Atul Gawande
11274452,kevinmd,"Kevin Pho, M.D."
1940581,Berci,"Berci Mesk, MD, PhD"
11856422,NBCNewsHealth,NBC News Health
13787352,NPRHealth,NPR Health News
28160998,WSJhealth,WSJ Health News
44783853,HHSGov,HHS.gov
25928253,WebMD,WebMD
27922157,AmerMedicalAssn,AMA
3350799887,ILresearchdata,U of I RDS
501029588,AAMCPreMed,AAMC Pre-Med
262318182,amcasinfo,AMCAS
52426212,AAMCtoday,AAMC
77296878,AAMCMedStudent,AAMC Med Student
3299882500,DrCancerNinja,Andrew Howard
1454374316,IL_MED_DISTRICT,IL Medical District
3227428742,CCParkingDeck,CC Parking Deck
637149946,Joooosh96,josh
255545898,Pundit_AcadEMIC,DecolonizedScientist
16074627,MarkGoulston,"Mark Goulston, M.D."
36565309,eluciav,Elsa VazquezMelendez
604652332,jwanhall,Jauwan Hall
194314756,thisisUIC,this is UIC
55050603,ISTCoalition,ISTCoalition
1626045098,Turtle_Doc,Matt Allender
2838339340,MedDistVetIL,Medical District Vet
3075799241,WildlifeatIL,Wildlife at Illinois
2233477196,ILLINOISVetMed,Vet Med at ILLINOIS
3068703346,ChBE_Illinois,ChBE @ Illinois
3131231087,IllinoisIHSI,Illinois IHSI
59808491,joeloni,Joe Hauter
2934981706,HealthyTips2015,Healthy Tips
14914457,jtoy,jtoy
863694205,UILCancerCtr,U of IL Cancer Ctr
84677619,EPLabDigest,EP Lab Digest
16144524,simjockey,John Vozenilek
137923891,sameena00,Sameena
1488667572,ChanningMurray,Channing Murray 
986964566,_scottcameron_,Scott Cameron WILL
52819090,UIAA_BAN,UIUC BAN
286839639,BGSA_UIUC,BGSA at UIUC
108393912,CrisisNursery,Crisis Nursery
512420056,UWChampaign,United Way Champaign
1942926834,MAFA__UIUC,MAFA UIUC
225515528,Anthro_UIUC,Anthropology UIUC
2777147364,UI_OBFSNews,Univ of IL OBFS News
320828400,zmadak,Zeynep Madak Erdogan
500854453,ChampaignRgnERC,Champaign Rgn ERC
28437575,MeganAsh_Jones,Megan Jones
52076577,IllinoisPress,Illinois Press
276591921,IlliniVets,Illini Veterans
41561657,BioMedCentral,BioMed Central
2751063673,TheRhodesLab,Rhodes' Laboratory
372096136,jhett93,Johnathan Hettinger
918193056,DrSanda,Dr. Sanda Moldovan
40006285,chambanamoms,chambanamoms.com
41602160,cnnhealth,CNN Health
1769551,NYTHealth,NYT Health
17918663,latimeshealth,L.A. Times Health
26077026,USATODAYhealth,USA TODAY Health
148418872,_Woman_health,Chantel Martiromo
2555678414,FulfillDaily,Fulfillment Daily
72545543,IlliniPride,Illini Pride
359678444,IllinoisBlockI,Illinois Block I
39047949,kylejnorton,Kyle J.Norton
17393790,EverydayHealth,Everyday Health
23674342,HealthyLiving,HuffPost Living
25092348,PreventionMag,Prevention Magazine
282884819,UofI_Illinettes,IllinettesDanceTeam
816154548,BTNLiveBIG,BTN LiveBIG
299464843,illini_drumline,Illini Drumline
380115006,MarchingIllini,Marching Illini
218423826,AHealthBlog,A Health Blog
183678144,ccmcuonline,Community Concierge
830190378,Champaign_Room,The Champaign Room
17738742,IllinoisLoyalty,IllinoisLoyalty
271045383,ILPremSeating,IL Premium Seating
2342687532,ilfounders,Founders
38530021,theNCI,National Cancer Inst
362669400,Parsortix,Rare Cell Separation
1713691171,GOLSatUIUC,GOLS at UIUC
186113607,OTCRConsulting,OTCR Consulting
14777196,piaffeatx,Leslie Hammersmith
249262404,ILCenterWest,Illini Center West 
19098960,BeTheMatch,Be The Match
26264020,MensFitnessMag,Mens Fitness Mag
2959865894,ugresearch_UI,UI UndergradResearch
227068826,MSTEFridayLunch,Friday Lunch
263287279,illinoisasb,ASB Illinois
437116822,Trelease_FAR,Trelease Hall
989357101,uofi_mc,UofI Media Commons
385560691,Courtyard_Cafe,Courtyard Cafe 
188623183,IllinoisLLAA,Illinois LLAA
393087197,SCSCareersUIUC,SCSCareersUIUC
465001970,UIResHallLib,Res Hall Libraries
2451606840,CommAssociation,UIUC Comm.Assocation
2478905720,TheGreatWaratIL,The Great War at IL
1517966262,AllertonParkUI,Allerton Park &RC
1089531852,uilislib,LIS Virtual Library
2657695909,HPNLuiuc,HPNL
485197568,ACDCUIUC,ACDC UIUC
2167279952,RSAatUIUC,RSA at UIUC
1173106542,UIUCRhetProgram,IlliniUndergradRhet
1138062698,SCSAdvising,SCS Advising
1140268272,uofiundeclared,Illinois Undeclared
2755506590,humanfoodweb,humanityinthefoodweb
122726813,IlliniACT,Illini ACT
2838159641,ILBioinstrument,ILBioinstrumentation
163219375,stphlynn,Stephanie Henry
2923218753,IllinoisCropSci,Crop Sciences
2842632910,ALA_Archives,Am Lib Assn Archives
2814665597,GovInfoIllinois,Gov Info at Illinois
849829196,PresCons,UIUC Preservation
2285326400,idncnews,IDNC
521015242,TarasPogorelov,Taras Pogorelov
279252469,QuadOskee,Oskee The Squirrel
388056226,BobWithAnO,Bob
557797882,CIMChicago,CIMChicago
36288765,IlliniHillel,Illini Hillel
69030767,ILstudyabroad,Illinois Abroad
1613714996,USFSCO,U of I USFSCO
2876979436,Illinois_SLPs,Illinois SLP Clinic
167514346,REEEC_UIUC,REEEC
2786411091,DannerNatalie,Natalie Danner
2530341223,EITPIllinois,EITPIllinois
838471820,ASAUIUC,ASA - UIUC
30058454,ILinnovations,Illinois Innovations
28623822,mpalillinois,MPAL Illinois
2421089934,IllinoisRBML,U of Illinois RBML
188500621,ScholCommons,Scholarly Commons
841835982,learnlibrary,Savvy Researcher
370122605,ISSSIllinois,ISSS Illinois
47435277,IEIUpdates,IllinoisIEI
17056237,IllinoisPSM,IllinoisPSM
269989068,eiclearinghouse,EI Clearinghouse
25471727,WCIA3AMANDA,Amanda Porterfield
104070525,carinbondar,Carin Anne Bondar
2342810652,raman_ritu,Ritu Raman
15484063,sciencegoddess,Joanne Manaster
14997536,mkdickinson,Meg Dickinson
1850152519,WhitneyZahnd,Whitney Zahnd
1358696353,OVCangellaris,Olivia Cangellaris
923731375,bruceschatz,Bruce Schatz
40156330,ScottGottliebMD,"Scott Gottlieb, MD"
589194368,Sivani_Says,Sivani Says
2273358264,UIFedRelations,UI Federal Relations
2831927036,RIPEresearch,RIPE Research
2149616311,DailyIlliniAds,Daily Illini Ads
316674177,LER_Illinois,LER at Illinois
603759829,MDPhDToBe,"Hanna Erickson, MS"
242505175,finwellnessuie,Financial Wellness
1393110979,UIllinoisLaw,UIllinoisLaw
188780257,ILStudentMoney,U of I Student Money
77273362,uofitaxschool,UofI Tax School
52510999,KDR_Illinois,Kappa Delta Rho Eta
62838472,IlliniMGolf,Illini M Golf
40025755,IlliniSB,Illini Softball
1713695682,PhilCiciora,Phil Ciciora
49783682,IlliniWGym,Illini W Gym
50393915,IlliniMTrack,Illini Men's Track
2832345887,IlliniWTrack,Illini Women's Track
491798699,IamtheIFUND,Illinois I FUND
45961053,IlliniSoccer,Illini Soccer
218659288,IlliniVideo,Illini Productions
362538087,IlliniDesign,Illini Design
995203148,WatchIlliniNow,WatchIlliniNow
770144246,IlliniIrwin,Illini Academics
62876889,IlliniSwimming,Illini Swimming
7768692,BigTenNetwork,Big Ten Network
56911708,IllinoisESAA,Illinois ESAA
89253100,BayerUS,Bayer US
44314871,BayerHealthCare,Bayer HealthCare
172496840,LillyPad,LillyPad
22623663,GSKUS,GSK US
2679990913,UIStateRelation,UI State Relations
364988993,CMNIllinoisIP,UIUC CMN INTERNSHIPS
27900939,AstellasUS,Astellas Pharma US
17226612,Novartis,Novartis
61008852,boehringerus,Boehringer Ingelheim
17437735,Boehringer,Boehringer
20457806,JNJNews,Johnson & Johnson
20815041,Roche,Roche
34010976,bmsnews,Bristol-Myers Squibb
5383942,GSK,GSK
62465691,AstraZeneca,AstraZeneca
56488059,pfizer,Pfizer Inc.
35961145,Merck,Merck
175118947,IlliniFSA,Illinois FSA Office
525575961,IllinoisSARE,Illinois SARE
61793176,uie_natres,U of I Extension
59869409,uie_families,U of I Extension
59866200,uie_schools,U of I Extension
59869865,uie_money,U of I Extension
59867520,uie_hort,U of I Extension
59870481,uie_ag,U of I Extension
59872728,Illinois4H,Illinois 4-H
1904907792,ACDISuiuc,ACDIS-UIUC
148594017,DiversityEd,Diversity Education
24818242,occrl,OCCRL
1392871788,ielproject,IL Early Learning
613589376,FAACareerSvcs,Careers
586851274,TheatreIllinois,Illinois Theatre
330464829,IllinoisMusic,Illinois Music 
1520915516,FAAatIllinois,Admissions
47644405,watersurvey,State Water Survey
356953399,Snyder_Hall,Snyder Hall
339467890,LARHalls,Lincoln Avenue Halls
344486942,WestonHallWEX,Weston Hall
578322830,IllinoisWCS,WCS at Illinois
987255445,BIOENGatIL,UI Bioengineering
230216937,IllinoisMatSE,MatSE at Illinois
180083054,ACESJSHP,ACESJamesScholarInfo
2239816597,ACESStudyAbroad,ACES EducationAbroad
