59805029,k7sanjay,Sanjay  Kaliyappan
2803191,intel,Intel
36693079,UVACareerCenter,UVA Career Center
270839510,E4Ecommunity,E4E
283938369,Siemens_JobsMEA,Siemens Careers MEA
72310385,ciscojob,Cisco Jobs
26325004,oracle_jobs,Oracle Jobs
52729592,trishtrashers,Trisha Krishnan
14862639,UofA,Univ. of Arizona
18783501,ASU,AZ State University
88836132,UMich,UniversityofMichigan
74323860,acm_texas,ACM at UT Austin
28040164,acmuiuc,acm@uiuc
19874736,UMassAmherst,UMass Amherst
39899723,UMassACM,UMass ACM
22680098,PSUEngineering,PSU Engineering
43135598,ISTatPENNSTATE,Penn State IST
26542389,PSU_Career,Penn State Career
108136748,vtacm,Virginia Tech ACM
17374056,vtnews,Virginia Tech News
30028235,thisisthefuture,Virginia Tech
14079327,Marenghi,Catherine Marenghi
69687111,Cognizant,Cognizant
42977746,Vidhyu,Vidhyu Rao
213897201,c_Outreach,Cognizant Outreach
152251488,dhanushkraja,Dhanush
51376979,sonamakapoor,Sonam Kapoor
50243043,GOLDIEBEHL,goldie behl
24705126,ShashiTharoor,Shashi Tharoor
33868638,shrutihaasan,shruti haasan
188364506,JoinCognizant,Careers at Cognizant
